Date,Time,Status
2025-08-01,09:00,Available
2025-08-01,09:10,Available
2025-08-01,09:20,Available
2025-08-01,09:30,Available
2025-08-01,09:40,Available
2025-08-01,09:50,Available
2025-08-01,10:00,Available
2025-08-01,10:10,Available
2025-08-01,10:20,Available
2025-08-01,10:30,Available
2025-08-01,10:40,Available
2025-08-01,10:50,Available
2025-08-01,11:00,Available
2025-08-01,11:10,Available
2025-08-01,11:20,Available
2025-08-01,11:30,Available
2025-08-01,11:40,Available
2025-08-01,11:50,Available
2025-08-01,12:00,Available
